---
layout: post
title: "MySQL-SELECTè¯­å¥-æŸ¥è¯¢"
date: 2025-03-10 00:04:17 +0800
description: "ã€ä»£ç ã€‘MySQL-----SELECTè¯­å¥-æŸ¥è¯¢ã€‚"
keywords: "MySQL-----SELECTè¯­å¥-æŸ¥è¯¢"
categories: ['Mysql']
tags: ['ç¬”è®°', 'æ•°æ®åº“', 'Select', 'Mysql']
artid: "146141590"
image:
    path: https://api.vvhan.com/api/bing?rand=sj&artid=146141590
    alt: "MySQL-SELECTè¯­å¥-æŸ¥è¯¢"
render_with_liquid: false
featuredImage: https://bing.ee123.net/img/rand?artid=146141590
featuredImagePreview: https://bing.ee123.net/img/rand?artid=146141590
cover: https://bing.ee123.net/img/rand?artid=146141590
image: https://bing.ee123.net/img/rand?artid=146141590
img: https://bing.ee123.net/img/rand?artid=146141590
---

<div class="blog-content-box">
 <div class="article-header-box">
  <div class="article-header">
   <div class="article-title-box">
    <h1 class="title-article" id="articleContentId">
     MySQL-----SELECTè¯­å¥-æŸ¥è¯¢
    </h1>
   </div>
  </div>
 </div>
 <article class="baidu_pl">
  <div class="article_content clearfix" id="article_content">
   <link href="../../assets/css/kdoc_html_views-1a98987dfd.css" rel="stylesheet"/>
   <link href="../../assets/css/ck_htmledit_views-704d5b9767.css" rel="stylesheet"/>
   <div class="htmledit_views" id="content_views">
    <hr id="hr-toc" name="tableOfContents"/>
    <p>
    </p>
    <h3 id="SELECT%E8%AF%AD%E5%8F%A5-%E6%9F%A5%E8%AF%A2" name="SELECT%E8%AF%AD%E5%8F%A5-%E6%9F%A5%E8%AF%A2" style="background-color:transparent">
     SELECTè¯­å¥-æŸ¥è¯¢
    </h3>
    <h4 id="1.%E6%A0%BC%E5%BC%8F" name="1.%E6%A0%BC%E5%BC%8F">
     1.æ ¼å¼
    </h4>
    <pre><code>ğŸ“–ç®€å•æŸ¥è¯¢:
æ ¼å¼: select å­—æ®µ1,å­—æ®µn from è¡¨åï¼›
èµ·åˆ«å: é€šè¿‡åœ¨å­—æ®µåæ·»åŠ  as åˆ«å aså¯ä»¥çœç•¥ æ”¹å˜è¡¨å¤´
eg: select username "ç”¨æˆ·å",password as "å¯†ç " from user
</code></pre>
    <h4 id="2.%E6%93%8D%E4%BD%9C" name="2.%E6%93%8D%E4%BD%9C">
     2.æ“ä½œ
    </h4>
    <pre><code>1.åˆ›å»ºè¡¨
mysql&gt; create table user(
-&gt; user_id int primary key auto_increment,
-&gt; username varchar(255),
-&gt; password varchar(255),
-&gt; name varchar(255),
-&gt; hire_date date);
Query OK, 0 rows affected (0.01 sec)

mysql&gt; desc user;
+-----------+--------------+------+-----+---------+----------------+
| Field | Type | Null | Key | Default | Extra |
+-----------+--------------+------+-----+---------+----------------+
| user_id | int(11) | NO | PRI | NULL | auto_increment |
| username | varchar(255) | YES | | NULL | |
| password | varchar(255) | YES | | NULL | |
| name | varchar(255) | YES | | NULL | |
| hire_date | date | YES | | NULL | |
+-----------+--------------+------+-----+---------+----------------+
5 rows in set (0.00 sec)

mysql&gt; insert into user values(null,"zhang","111","å¼ ä¸‰","1996-05-04");
Query OK, 1 row affected (0.01 sec)

mysql&gt; select * from user;
+---------+----------+----------+--------+------------+
| user_id | username | password | name 	 | hire_date |
+---------+----------+----------+--------+------------+
| 1 	  | zhang	 | 111 		| å¼ ä¸‰    | 1996-05-04 |
+---------+----------+----------+--------+------------+
1 row in set (0.00 sec)

æ’å…¥æ•°æ®
mysql&gt; insert into user values(null,"zhang","111","å¼ ä¸‰","1996-05-04"),
-&gt; (null,"zhang1","111","å¼ ä¸‰1","1997-05-04"),
-&gt; (null,"zhang2","111","å¼ ä¸‰2","1998-05-04"),
-&gt; (null,"zhang3","111","å¼ ä¸‰3","1999-05-04"),
-&gt; (null,"zhang4","111","å¼ ä¸‰4","1990-05-04"),
-&gt; (null,"lijian","222","æå‰‘","1990-08-26"),
-&gt; (null,"lijian1","2221","æå‰‘1","1990-10-30");
Query OK, 7 rows affected (0.00 sec)
Records: 7 Duplicates: 0 Warnings: 0

2.æŸ¥æ‰€æœ‰å­—æ®µ
mysql&gt; select * from user; 
+---------+----------+----------+---------+------------+
| user_id | username | password | name | hire_date |
+---------+----------+----------+---------+------------+
| 1 	  | zhang 	 | 111	    | å¼ ä¸‰ | 1996-05-04 |
| 2		  | zhang  	 | 111	    | å¼ ä¸‰ | 1996-05-04 |
| 3		  | zhang1 	 | 111 		| å¼ ä¸‰1 | 1997-05-04 |
| 4 	  | zhang2	 | 111 		| å¼ ä¸‰2 | 1998-05-04 |
| 5 	  | zhang3	 | 111 		| å¼ ä¸‰3 | 1999-05-04 |
| 6 	  | zhang4	 | 111 		| å¼ ä¸‰4 | 1990-05-04 |
| 7   	  | lijian	 | 222 		| æå‰‘ | 1990-08-26 |
| 8		  | lijian1	 | 2221 	| æå‰‘1 | 1990-10-30 |
+---------+----------+----------+---------+------------+
8 rows in set (0.00 sec)

3.æŸ¥è¯¢å•ä¸ªå­—æ®µ
mysql&gt; select username from user;
+----------+
| username |
+----------+
| zhang |
| zhang |
| zhang1 |
| zhang2 |
| zhang3 |
| zhang4 |
| lijian |
| lijian1 |
+----------+
8 rows in set (0.00 sec)

4.æŸ¥è¯¢å¤šä¸ªå­—æ®µ
mysql&gt; select username,name from user;
+----------+---------+
| username | name |
+----------+---------+
| zhang | å¼ ä¸‰ |
| zhang | å¼ ä¸‰ |
| zhang1 | å¼ ä¸‰1 |
| zhang2 | å¼ ä¸‰2 |
| zhang3 | å¼ ä¸‰3 |
| zhang4 | å¼ ä¸‰4 |
| lijian | æå‰‘ |
| lijian1 | æå‰‘1 |
+----------+---------+
8 rows in set (0.00 sec)

5.èµ·åˆ«å
mysql&gt; select username as 'ç”¨æˆ·å',name as 'å§“å' from user;
+-----------+---------+
| ç”¨æˆ·å | å§“å |
+-----------+---------+
| zhang | å¼ ä¸‰ |
| zhang | å¼ ä¸‰ |
| zhang1 | å¼ ä¸‰1 |
| zhang2 | å¼ ä¸‰2 |
| zhang3 | å¼ ä¸‰3 |
| zhang4 | å¼ ä¸‰4 |
| lijian | æå‰‘ |
| lijian1 | æå‰‘1 |
+-----------+---------+
8 rows in set (0.00 sec)

mysql&gt; select username 'ç”¨æˆ·å',name 'å§“å' from user; --6.çœç•¥asèµ·åˆ«å
+-----------+---------+
| ç”¨æˆ·å | å§“å |
+-----------+---------+
| zhang | å¼ ä¸‰ |
| zhang | å¼ ä¸‰ |
| zhang1 | å¼ ä¸‰1 |
| zhang2 | å¼ ä¸‰2 |
| zhang3 | å¼ ä¸‰3 |
| zhang4 | å¼ ä¸‰4 |
| lijian | æå‰‘ |
| lijian1 | æå‰‘1 |
+-----------+---------+
8 rows in set (0.00 sec)
</code></pre>
    <h4 id="3.%E7%AE%97%E6%95%B0%E8%A1%A8%E8%BE%BE%E5%BC%8F" name="3.%E7%AE%97%E6%95%B0%E8%A1%A8%E8%BE%BE%E5%BC%8F" style="background-color:transparent">
     3.ç®—æ•°è¡¨è¾¾å¼
    </h4>
    <pre><code>1. ä¸¤ä¸ªæ•´æ•°è¿ç®—ï¼Œåšç®—æ•°
mysql&gt; select 100+200; 
+---------+
| 100+200 |
+---------+
| 300 |
+---------+
1 row in set (0.00 sec)

2.å­—ç¬¦ä¸²å’Œæ•´æ•°çš„è¿ç®—ï¼Œå…ˆè½¬åŒ–å­—ç¬¦ä¸²ï¼Œå¦‚æœæˆåŠŸåˆ™ç®—æ•°ï¼Œå¦‚æœä¸æˆåŠŸåˆ™å­—ç¬¦ä¸²å˜0
mysql&gt; select '100'+200; 
+-----------+
| '100'+200 |
+-----------+
| 300 |
+-----------+
1 row in set (0.00 sec)

3.å­—ç¬¦ä¸²çš„è½¬æ¢ï¼Œå¯ä»¥åŒ…å«å­—æ¯ï¼Œç›´æ¥çœç•¥---ä¸€èˆ¬æ•°å­—å¼€å¤´çš„å­—ç¬¦ä¸²
mysql&gt; select '100q'+200;
+------------+
| '100q'+200 |
+------------+
| 300 |
+------------+
1 row in set, 1 warning (0.00 sec)

4.è½¬åŒ–ä¸æˆåŠŸåˆ™ä½¿ç”¨0ç®—æ•°
mysql&gt; select 'q100q'+200;
+-------------+
| 'q100q'+200 |
+-------------+
| 200 |
+-------------+
1 row in set, 1 warning (0.00 sec)

mysql&gt; select 'q100q'+200 + 'q100q';
+-----------------------+
| 'q100q'+200 + 'q100q' |
+-----------------------+
| 200 |
+-----------------------+
1 row in set, 2 warnings (0.00 sec)

5.åªè¦æ˜¯è¿ç®—ï¼Œéƒ½éœ€è¦è½¬åŒ–å­—ç¬¦ä¸²
mysql&gt; select 'q100q'+ 'q100q'; 
+------------------+
| 'q100q'+ 'q100q' |
+------------------+
| 0 |
+------------------+
1 row in set, 2 warnings (0.00 sec)

6.NULLå€¼å‚ä¸çš„è¿ç®—ç»“æœç›´æ¥ä¸ºnull
mysql&gt; select NULL + 200;
+------------+
| NULL + 200 |
+------------+
| NULL |
+------------+
1 row in set (0.00 sec)

mysql&gt; select 200+ 300 + NULL + 200;
+-----------------------+
| 200+ 300 + NULL + 200 |
+-----------------------+
| NULL |
+-----------------------+
1 row in set (0.00 sec)

mysql&gt; select * from user;
+---------+----------+----------+---------+------------+
| user_id | username | password | name | hire_date |
+---------+----------+----------+---------+------------+
| 1 | zhang | 111 | å¼ ä¸‰ | 1996-05-04 |
| 2 | zhang | 111 | å¼ ä¸‰ | 1996-05-04 |
| 3 | zhang1 | 111 | å¼ ä¸‰1 | 1997-05-04 |
| 4 | zhang2 | 111 | å¼ ä¸‰2 | 1998-05-04 |
| 5 | zhang3 | 111 | å¼ ä¸‰3 | 1999-05-04 |
| 6 | zhang4 | 111 | å¼ ä¸‰4 | 1990-05-04 |
| 7 | lijian | 222 | æå‰‘ | 1990-08-26 |
| 8 | lijian1 | 2221 | æå‰‘1 | 1990-10-30 |
+---------+----------+----------+---------+------------+
8 rows in set (0.00 sec)

7. æŸ¥è¯¢å­—æ®µå¯ä»¥è¿ç®—
mysql&gt; select username,password * 6,name from user;
+----------+--------------+---------+
| username | password * 6 | name |
+----------+--------------+---------+
| zhang | 666 | å¼ ä¸‰ |
| zhang | 666 | å¼ ä¸‰ |
| zhang1 | 666 | å¼ ä¸‰1 |
| zhang2 | 666 | å¼ ä¸‰2 |
| zhang3 | 666 | å¼ ä¸‰3 |
| zhang4 | 666 | å¼ ä¸‰4 |
| lijian | 1332 | æå‰‘ |
| lijian1 | 13326 | æå‰‘1 |
+----------+--------------+---------+
8 rows in set (0.00 sec)

8.è¿ç®—ç¬¦çš„ä¼˜å…ˆçº§ æ‹¬å·å†…-&gt;ä»å·¦å‘å³-&gt;ä¹˜é™¤-&gt;åŠ å‡
mysql&gt; select username,password * (6 + 1),name from user;
+----------+--------------------+---------+
| username | password * (6 + 1) | name |
+----------+--------------------+---------+
| zhang | 777 | å¼ ä¸‰ |
| zhang | 777 | å¼ ä¸‰ |
| zhang1 | 777 | å¼ ä¸‰1 |
| zhang2 | 777 | å¼ ä¸‰2 |
| zhang3 | 777 | å¼ ä¸‰3 |
| zhang4 | 777 | å¼ ä¸‰4 |
| lijian | 1554 | æå‰‘ |
| lijian1 | 15547 | æå‰‘1 |
+----------+--------------------+---------+
8 rows in set (0.00 sec)
</code></pre>
    <p>
    </p>
    <p>
    </p>
   </div>
  </div>
 </article>
 <p alt="68747470733a2f2f62:6c6f672e6373646e2e6e65742f6d305f37353136373832342f:61727469636c652f64657461696c732f313436313431353930" class_="artid" style="display:none">
 </p>
</div>


